abachbida,dobj,parataxis,tvingats,2x120,idon't,unlce,peopleofwalmart,128s,have/like,morethan,http://www.complex.com/pop,rarther,tvoju,lolzzz,responsabil,lactamase,detraining,~~city~~,un/underemployed,](/aradiasmile
abachbibuuu,dobj,parataxis,tvingats,2x120,idon't,unlce,peopleofwalmart,128s,have/like,morethan,http://www.complex.com/pop,rarther,tvoju,lolzzz,responsabil,lactamase,detraining,~~city~~,un/underemployed,](/aradiasmile
abachbida,dobj,parataxis,tvingats,2x120,idon't,unlce,peopleofwalmart,128s,have/like,morethan,http://www.complex.com/pop,rarther,tvoju,lolzzz,responsabil,lactamase,detraining,~~city~~,un/underemployed,](/aradiasmile
two,half-dozen,back-to-back,twenty-five,twenty-two,twenty-four,twenty-three,twenty-six,thirty-two,twenty-eight,twenty-seven,thirty-six,so-called,twenty-one,thirty-five,one-half,forty-five,high-profile,thirty-three,side-by-side,two-and-a-half
three,twenty-five,half-dozen,back-to-back,twenty-two,twenty-four,twenty-six,twenty-three,twenty-eight,twenty-seven,twenty-one,thirty-six,thirty-five,thirty-two,thirty-three,forty-five,one-half,twenty-nine,thirty-four,two-and-a-half,thirty-one
four,twenty-five,back-to-back,twenty-two,half-dozen,twenty-four,twenty-six,twenty-eight,twenty-three,twenty-seven,thirty-six,thirty-two,twenty-one,thirty-five,thirty-three,twenty-nine,one-half,thirty-four,two-and-a-half,forty-five,forty-eight
music,singer-songwriter,avant-garde,lo-fi,pop-rock,'80s,sing-along,music-making,mash-up,muisc,'90s,multi-media,'n',indie-rock,old-time,etc.,folk-rock,'70s,isnt,spoken-word,hi-fi
bored,havent,'cause,wont,la.,didnt,couldnt,hes,arent,isnt,n?t,aint,doesnt,self-absorbed,?re,now.,p.s.,me.,self-centered,no-one,grown-ups
society,socio-economic,well-being,socio-political,twenty-first,decision-making,self-interest,nation-state,socio-cultural,so-called,world-view,mind-set,present-day,modern-day,self-image,co-operation,male-dominated,nineteenth-century,policy-making,non-governmental,post-war
out,n?t,didnt,wont,couldnt,'cause,?ll,havent,?ve,etc.,doesnt,y',?re,half-way,no-one,hes,isnt,aint,co-workers,n`t,out.
fantasies,make-believe,cross-dressing,wish-fulfillment,far-fetched,strap-on,mind-blowing,love-making,role-play,steamiest,fairy-tale,phantasies,tgp,self-loathing,self-destructive,grown-up,self-image,dream-like,pin-ups,role-playing,x-rated
you,?ll,n?t,wont,n`t,?re,doesnt,'cause,didnt,y',couldnt,no-one,e-mail,isnt,havent,arent,etc.,on-line,web-site,?ve,aint
place,etc.,half-way,n?t,in-between,wont,set-up,no-one,?ll,didnt,doesnt,couldnt,so-called,get-together,all-around,'cause,on-site,isnt,?re,out-of-the-way,on-line
made,didnt,etc.,hand-made,n?t,havent,home-made,wont,so-called,isnt,couldnt,?ve,hes,doesnt,arent,custom-made,no-one,hand-crafted,high-quality,in-house,'cause
dreams,'cause,n?t,make-believe,self-discovery,never-ending,dream-like,fairy-tale,far-off,life-long,self-doubt,life-changing,self-image,self-worth,far-fetched,wont,no-one,well-being,self-confidence,near-death,pie-in-the-sky
cap,t-shirt,o-ring,screw-on,one-piece,v-neck,cut-out,earflap,wont,long-sleeved,twist-off,five-year,two-piece,wrap-around,tight-fitting,doesnt,o-rings,one-year,short-sleeved,wide-brimmed,noneconomic
down,half-way,wont,didnt,'cause,couldnt,doesnt,n?t,aint,'til,hes,etc.,y',isnt,right-hand,no-one,mid-way,in-between,n`t,havent,all-time
pill,ultram,tadalafil,zithromax,kamagra,zyban,meridia,orlistat,carisoprodol,ionamin,flomax,weight-loss,levaquin,precription,plavix,over-the-counter,premarin,alesse,avodart,zovirax,non-prescription
yourself,?re,?ll,n?t,'cause,wont,y',no-one,n`t,de-stress,it.,couldnt,doesnt,self-confidence,well-being,?ve,isnt,hard-earned,didnt,co-workers,stress-free
colored,multi-colored,multi-coloured,off-white,cream-colored,light-colored,eye-catching,hand-painted,blue-green,multi-color,two-tone,red-orange,two-toned,dark-colored,semi-transparent,blue-gray,brightly-colored,reddish-brown,sky-blue,heart-shaped,bright-colored
thrill,spine-tingling,mind-blowing,action-packed,heart-stopping,roller-coaster,heart-pounding,white-knuckle,awe-inspiring,once-in-a-lifetime,thrill-seekers,breath-taking,hair-raising,jaw-dropping,fun-filled,high-octane,non-stop,nail-biting,fast-paced,hard-core,death-defying
world,world-wide,world-class,twenty-first,modern-day,high-tech,ever-changing,best-known,fastest-growing,man-made,awe-inspiring,so-called,world-renowned,no-one,cutting-edge,world-famous,pre-eminent,21st-century,war-torn,well-being,all-time
diamonds,semi-precious,ctw,asscher,brilliants,aquamarines,brilliant-cut,ct.,dimonds,18kt,18ct,t.w.,conflict-free,helzberg,pear-shaped,heart-shaped,emerald-cut,diamond-studded,peridots,mother-of-pearl,solitaires
laserbeams,jetwash,laser-beam,corraling,thingos,dragonflys,extemists,garrish,seeign,squirells,skeltons,elbing,dumb-looking,treees,wahoos,pansys,crayoned,hula-hoops,smaking,minies,pedestrains
ah,la.,y',aint,'cause,p.s.,wahahaha,heng,didnt,tml,hes,kan.,muz,hows,couldnt,aiya,havent,mr.,haix,chio,wont
us,e-mail,wont,y',no-one,n?t,didnt,?ll,couldnt,'cause,etc.,co-workers,doesnt,?re,like-minded,first-hand,non-believers,me.,n`t,on-line,arent
abachbida,dobj,parataxis,tvingats,2x120,idon't,unlce,peopleofwalmart,128s,have/like,morethan,http://www.complex.com/pop,rarther,tvoju,lolzzz,responsabil,lactamase,detraining,~~city~~,un/underemployed,](/aradiasmile
ah,la.,y',aint,'cause,p.s.,wahahaha,heng,didnt,tml,hes,kan.,muz,hows,couldnt,aiya,havent,mr.,haix,chio,wont
be,n?t,wont,etc.,?re,isnt,arent,?ll,didnt,doesnt,n`t,no-one,couldnt,havent,hes,?ve,so-called,hasnt,short-term,aint,'cause
star,co-star,co-stars,all-star,four-star,five-star,22-year-old,two-time,24-year-old,three-star,up-and-coming,19-year-old,25-year-old,23-year-old,star-studded,26-year-old,27-year-old,21-year-old,29-year-old,28-year-old,has-been
ah,la.,y',aint,'cause,p.s.,wahahaha,heng,didnt,tml,hes,kan.,muz,hows,couldnt,aiya,havent,mr.,haix,chio,wont
abachbida,dobj,parataxis,tvingats,2x120,idon't,unlce,peopleofwalmart,128s,have/like,morethan,http://www.complex.com/pop,rarther,tvoju,lolzzz,responsabil,lactamase,detraining,~~city~~,un/underemployed,](/aradiasmile
suppose,didnt,no-one,'cause,n?t,wont,doesnt,couldnt,havent,isnt,y',?ll,arent,aint,p.s.,n`t,hadnt,o.k.,hes,hasnt,?re
hit,all-time,didnt,back-to-back,go-ahead,record-breaking,two-run,wont,game-winning,at-bats,doesnt,two-out,hes,'cause,n?t,at-bat,three-run,box-office,double-digit,couldnt,havent
no,wont,doesnt,no-one,didnt,isnt,n?t,couldnt,non-existent,'cause,hasnt,aint,n`t,etc.,arent,havent,so-called,hes,on-line,clear-cut,short-term
get,wont,didnt,n?t,couldnt,doesnt,?ll,havent,'cause,isnt,arent,?re,y',n`t,aint,hes,no-one,?ve,etc.,hasnt,itll
it's,it.s,itts,wasint,trhat,mightbe,thatit,wqas,theywere,waws,woulod,thets,thaqt,wase,extreemely,ithat,thtas,ypou,therse,it.its,lookslike
high,high-quality,ultra-high,high-performance,high-density,sky-high,cost-effective,high-speed,super-high,top-notch,low-cost,long-lasting,high-tech,short-term,top-quality,high-pressure,world-class,high-grade,four-year,ultra-low,state-of-the-art
breath,'cause,couldnt,n?t,'til,didnt,wont,high-pitched,no-one,doesnt,in-between,good-bye,life-giving,tell-tale,expiratory,hes,ever-present,inspiratory,build-up,half-way,mid-sentence
gone,wont,didnt,havent,'cause,n?t,aint,couldnt,no-one,hasnt,isnt,hes,doesnt,?ve,hadnt,y',arent,'til,?re,etc.,half-way
trace,tell-tale,two-dimensional,by-product,water-soluble,non-existent,low-level,well-defined,by-products,three-dimensional,non-zero,build-up,fine-grained,re-create,present-day,x-ray,well-documented,long-lost,pre-historic,naturally-occurring,run-time
inches,in.,half-inch,lbs.,ft.,38cm,one-inch,sq.,36cm,26cm,41cm,2-inches,one-half,3-inches,32cm,diamter,two-inch,four-inch,10-inches,27cm,x36
estrade,dobj,parataxis,tvingats,2x120,idon't,unlce,peopleofwalmart,128s,have/like,morethan,http://www.complex.com/pop,rarther,tvoju,lolzzz,responsabil,lactamase,detraining,~~city~~,un/underemployed,](/aradiasmile
seconds,half-second,two-minute,five-minute,one-minute,three-pointer,quarter-mile,three-point,half-hour,three-minute,forty-five,sec.,one-second,three-pointers,four-minute,time-out,game-winner,split-second,couldnt,m.p.h.,game-winning
deformaty,dobj,parataxis,tvingats,2x120,idon't,unlce,peopleofwalmart,128s,have/like,morethan,http://www.complex.com/pop,rarther,tvoju,lolzzz,responsabil,lactamase,detraining,~~city~~,un/underemployed,](/aradiasmile
intent,hell-bent,so-called,self-interest,would-be,self-serving,far-reaching,clear-cut,long-standing,well-intentioned,single-minded,forward-looking,co-operate,good-faith,pre-emptive,second-degree,pre-existing,get-go,non-compliance,non-existent,mind-set
off,didnt,wont,half-way,couldnt,doesnt,n?t,'cause,hes,etc.,'til,y',isnt,aint,pick-up,havent,mid-way,?re,t-shirt,?ll,set-up
space,sq.,in-between,three-dimensional,ground-floor,space-time,two-story,self-contained,square-foot,walk-in,state-of-the-art,high-tech,light-filled,built-in,well-lit,second-floor,high-speed,start-up,mixed-use,living-room,multi-purpose
solo,singer-songwriter,self-titled,multi-instrumentalist,one-man,self-produced,full-length,straight-ahead,blues-rock,lo-fi,pop-rock,chart-topping,violoncello,re-recorded,all-star,full-band,line-up,self-released,folk-rock,on-stage,mid-tempo
hoo,p.s.,y',uh-oh,aint,hows,bye-bye,la.,'cause,wahahaha,tml,heng,havent,seung,hooooooooo,yippeee,booh,aik,didnt,ckin,hes
hoo,p.s.,y',uh-oh,aint,hows,bye-bye,la.,'cause,wahahaha,tml,heng,havent,seung,hooooooooo,yippeee,booh,aik,didnt,ckin,hes
aaa,aarp,new-model,pany,eap,ramada,bbbb,zales,aab,aaas,gmac,bateries,tacacs,eaa,iaa,u.s.a.,rayovac,evansville,helzberg,abilene,hotaru
aaa,aarp,new-model,pany,eap,ramada,bbbb,zales,aab,aaas,gmac,bateries,tacacs,eaa,iaa,u.s.a.,rayovac,evansville,helzberg,abilene,hotaru
ah,la.,y',aint,'cause,p.s.,wahahaha,heng,didnt,tml,hes,kan.,muz,hows,couldnt,aiya,havent,mr.,haix,chio,wont
us,e-mail,wont,y',no-one,n?t,didnt,?ll,couldnt,'cause,etc.,co-workers,doesnt,?re,like-minded,first-hand,non-believers,me.,n`t,on-line,arent
abachbida,dobj,parataxis,tvingats,2x120,idon't,unlce,peopleofwalmart,128s,have/like,morethan,http://www.complex.com/pop,rarther,tvoju,lolzzz,responsabil,lactamase,detraining,~~city~~,un/underemployed,](/aradiasmile
ah,la.,y',aint,'cause,p.s.,wahahaha,heng,didnt,tml,hes,kan.,muz,hows,couldnt,aiya,havent,mr.,haix,chio,wont
be,n?t,wont,etc.,?re,isnt,arent,?ll,didnt,doesnt,n`t,no-one,couldnt,havent,hes,?ve,so-called,hasnt,short-term,aint,'cause
star,co-star,co-stars,all-star,four-star,five-star,22-year-old,two-time,24-year-old,three-star,up-and-coming,19-year-old,25-year-old,23-year-old,star-studded,26-year-old,27-year-old,21-year-old,29-year-old,28-year-old,has-been
ah,la.,y',aint,'cause,p.s.,wahahaha,heng,didnt,tml,hes,kan.,muz,hows,couldnt,aiya,havent,mr.,haix,chio,wont
abachbida,dobj,parataxis,tvingats,2x120,idon't,unlce,peopleofwalmart,128s,have/like,morethan,http://www.complex.com/pop,rarther,tvoju,lolzzz,responsabil,lactamase,detraining,~~city~~,un/underemployed,](/aradiasmile
calm,easy-going,laid-back,level-headed,low-key,zen-like,de-stress,soft-spoken,good-natured,well-being,non-threatening,self-assured,clear-headed,down-to-earth,stress-free,open-minded,matter-of-fact,self-confident,light-hearted,well-mannered,even-tempered
cough,catarrh,flu-like,over-the-counter,couldnt,postnasal,antitussive,side-effects,zithromax,expectorants,didnt,'cause,hasnt,anti-inflammatory,bronchodilators,doesnt,epistaxis,side-effect,low-grade,ultram,hes
cough,catarrh,flu-like,over-the-counter,couldnt,postnasal,antitussive,side-effects,zithromax,expectorants,didnt,'cause,hasnt,anti-inflammatory,bronchodilators,doesnt,epistaxis,side-effect,low-grade,ultram,hes
ah,la.,y',aint,'cause,p.s.,wahahaha,heng,didnt,tml,hes,kan.,muz,hows,couldnt,aiya,havent,mr.,haix,chio,wont
ah,la.,y',aint,'cause,p.s.,wahahaha,heng,didnt,tml,hes,kan.,muz,hows,couldnt,aiya,havent,mr.,haix,chio,wont
ah,la.,y',aint,'cause,p.s.,wahahaha,heng,didnt,tml,hes,kan.,muz,hows,couldnt,aiya,havent,mr.,haix,chio,wont
ah,la.,y',aint,'cause,p.s.,wahahaha,heng,didnt,tml,hes,kan.,muz,hows,couldnt,aiya,havent,mr.,haix,chio,wont
suspense,page-turner,nail-biting,character-driven,spine-tingling,heart-stopping,heart-pounding,science-fiction,action-packed,potboiler,well-written,non-fiction,fast-paced,gut-wrenching,mystery/suspense,well-paced,cliff-hanger,suspense/thriller,heart-wrenching,well-crafted,well-told
solo,singer-songwriter,self-titled,multi-instrumentalist,one-man,self-produced,full-length,straight-ahead,blues-rock,lo-fi,pop-rock,chart-topping,violoncello,re-recorded,all-star,full-band,line-up,self-released,folk-rock,on-stage,mid-tempo
part,so-called,on-going,two-thirds,etc.,two-part,day-to-day,isnt,three-part,decision-making,didnt,n?t,non-profit,one-third,present-day,week-long,co-operation,large-scale,long-standing,?ve,behind-the-scenes
abachbida,dobj,parataxis,tvingats,2x120,idon't,unlce,peopleofwalmart,128s,have/like,morethan,http://www.complex.com/pop,rarther,tvoju,lolzzz,responsabil,lactamase,detraining,~~city~~,un/underemployed,](/aradiasmile
abachbida,dobj,parataxis,tvingats,2x120,idon't,unlce,peopleofwalmart,128s,have/like,morethan,http://www.complex.com/pop,rarther,tvoju,lolzzz,responsabil,lactamase,detraining,~~city~~,un/underemployed,](/aradiasmile
abachbidaaaa,dobj,parataxis,tvingats,2x120,idon't,unlce,peopleofwalmart,128s,have/like,morethan,http://www.complex.com/pop,rarther,tvoju,lolzzz,responsabil,lactamase,detraining,~~city~~,un/underemployed,](/aradiasmile
abachbidaaaaaaa,dobj,parataxis,tvingats,2x120,idon't,unlce,peopleofwalmart,128s,have/like,morethan,http://www.complex.com/pop,rarther,tvoju,lolzzz,responsabil,lactamase,detraining,~~city~~,un/underemployed,](/aradiasmile
lighter,light-weight,lighter-weight,longer-lasting,ultra-light,long-lasting,light-colored,well-balanced,dark-colored,full-bodied,better-looking,heavy-duty,carbon-fiber,less-expensive,off-white,ligther,battery-powered,higher-end,fuel-efficient,doesnt,well-made
inhales,adsorbs,expells,open-mouth,shuddery,burbles,mouth-to-mouth,tryes,expectorated,disgorges,huskily,sidestream,smoulders,swollowed,rebreathing,non-smoker,freash,enfolds,mewls,ventilates,craver
part,so-called,on-going,two-thirds,etc.,two-part,day-to-day,isnt,three-part,decision-making,didnt,n?t,non-profit,one-third,present-day,week-long,co-operation,large-scale,long-standing,?ve,behind-the-scenes
